{   
		"pole": {
		    "id": 1,
		    "x": 365554.626,
		    "y": 140784.35,
		    "z": 2.9749999046325684,
		    "junction": "ppt09",
		    "junction_id": 1
		    },    
        	"pole": {
		    "id": 2,
		    "x": 365580.73,
		    "y": 140768.92,
		    "z": 2.9749999046325684,
		    "junction": "ppt09",
		    "junction_id": 2
		    },
        	"pole": {
   		   "id": 3,
		    "x": 365590.21,
		    "y": 140786.54,
		    "z": 2.9749999046325684,
		    "junction": "ppt09",
		    "junction_id": 3
		    },
        	"pole": {
		    "id": 4,
		    "x": 365566.06,
		    "y": 140801.12,
		    "z": 2.9749999046325684,
		    "junction": "ppt09",
		    "junction_id": 4
		    },
        	"pole": {
	       	    "id": 5,
		    "x": 365411.11,
		    "y": 140533.85,
		    "z": 2.9749999046325684,
		    "junction": "ppt10",
		    "junction_id": 1
		    },
        	"pole": {
		    "id": 6,
		    "x": 365428.19,
		    "y": 140523.42,
		    "z": 2.9749999046325684,
		    "junction": "ppt10",
		    "junction_id": 2
		    },
        	"pole": {
		    "id": 7,
		    "x": 365437.95,
		    "y": 140539.64,
		    "z": 2.9749999046325684,
		    "junction": "ppt10",
		    "junction_id": 3
		    },
        	"pole": {
		    "id": 8,
		    "x": 365420.64,
		    "y": 140550.08,
		    "z": 2.9749999046325684,
		    "junction": "ppt10",
		    "junction_id": 4
		    },
        	"pole": {
		    "id": 9,
		    "x": 365256.22,
		    "y": 140280.95,
		    "z": 2.9749999046325684,
		    "junction": "ppt11",
		    "junction_id": 1
		    },
        	"pole": {
		    "id": 10,
		    "x": 365266.65,
		    "y": 140273.44,
		    "z": 2.9749999046325684,
		    "junction": "ppt11",
		    "junction_id": 2
		    },
        	"pole": {
		    "id": 11,
		    "x": 365284.54,
		    "y": 140283.32,
		    "z": 2.9749999046325684,
		    "junction": "ppt11",
		    "junction_id": 3
		    },
        	"pole": {
		    "id": 12,
		    "x": 365268.24,
		    "y": 140297.24,
		    "z": 2.9749999046325684,
		    "junction": "ppt11",
		    "junction_id": 4
		    },
        	"pole": {
		    "id": 13,
		    "x": 365109.29,
		    "y": 140027.81,
		    "z": 2.9749999046325684,
		    "junction": "ppt12",
		    "junction_id": 1
		    },
        	"pole": {
		    "id": 14,
		    "x": 365126.09,
		    "y": 140017.85,
		    "z": 2.9749999046325684,
		    "junction": "ppt12",
		    "junction_id": 2
		    },
        	"pole": {
		    "id": 15,
		    "x": 365135.22,
		    "y": 140033.22,
		    "z": 2.9749999046325684,
		    "junction": "ppt12",
		    "junction_id": 3
		    },
        	"pole": {
		    "id": 16,
		    "x": 365118.42,
		    "y": 140043.28,
		    "z": 2.9749999046325684,
		    "junction": "ppt12",
		    "junction_id": 4
		    },
        	"pole": {
		    "id": 17,
		    "x": 365105.06,
		    "y": 140715.57,
		    "z": 2.9749999046325684,
		    "junction": "ppt16",
		    "junction_id": 1
		    },
        	"pole": {
		    "id": 18,
		    "x": 365078.67,
		    "y": 140732.20,
		    "z": 2.9749999046325684,
		    "junction": "ppt16",
		    "junction_id": 2
		    },
        	"pole": {
		    "id": 19,
		    "x": 365088.49,
		    "y": 140749.12,
		    "z": 2.9749999046325684,
		    "junction": "ppt16",
		    "junction_id": 3
		    },
        	"pole": {
		    "id": 20,
		    "x": 365094.61,
		    "y": 140745.37,
		    "z": 2.9749999046325684,
		    "junction": "ppt16",
		    "junction_id": 4
		    },
        	"pole": {
		    "id": 21,
		    "x": 365110.15,
		    "y": 140736.02,
		    "z": 2.9749999046325684,
		    "junction": "ppt16",
		    "junction_id": 5
		    },
        	"pole": {
		    "id": 22,
		    "x": 364959.6644,
		    "y": 139778.0512,
		    "z": 2.9749999046325684,
		    "junction": "ppt13",
		    "junction_id": 1
		    },
        	"pole": {
		    "id": 23,
		    "x": 364976.6386,
		    "y": 139767.9348,
		    "z": 2.9749999046325684,
		    "junction": "ppt13",
		    "junction_id": 2
		    },
        	"pole": {
		    "id": 24,
		    "x": 364985.9843,
		    "y": 139783.5478,
		    "z": 2.9749999046325684,
		    "junction": "ppt13",
		    "junction_id": 3
		    },
        	"pole": {
		    "id": 25,
		    "x": 364969.0099,
		    "y": 139793.4006,
		    "z": 2.9749999046325684,
		    "junction": "ppt13",
		    "junction_id": 4
		    },
        	"pole": {
		    "id": 26,
		    "x": 364810.9819,
		    "y": 139528.466,
		    "z": 2.9749999046325684,
		    "junction": "ppt14",
		    "junction_id": 1
		    },
        	"pole": {
		    "id": 27,
		    "x": 364827.9561,
		    "y": 139518.3233,
		    "z": 2.9749999046325684,
		    "junction": "ppt14",
		    "junction_id": 2
		    },
        	"pole": {
		    "id": 28,
		    "x": 364836.4529,
		    "y": 139533.9236,
		    "z": 2.9749999046325684,
		    "junction": "ppt14",
		    "junction_id": 3
		    },
        	"pole": {
		    "id": 29,
		    "x": 364820.3275,
		    "y": 139543.9473,
		    "z": 2.9749999046325684,
		    "junction": "ppt14",
		    "junction_id": 4
		    },
        	"pole": {
		    "id": 30,
		    "x": 364661.4502,
		    "y": 139278.6045,
		    "z": 2.9749999046325684,
		    "junction": "ppt15",
		    "junction_id": 1
		    },
        	"pole": {
		    "id": 31,
		    "x": 364678.4245,
		    "y": 139268.6725,
		    "z": 2.9749999046325684,
		    "junction": "ppt15",
		    "junction_id": 2
		    },
        	"pole": {
		    "id": 32,
		    "x": 364687.7701,
		    "y": 139283.9429,
		    "z": 2.9749999046325684,
		    "junction": "ppt15",
		    "junction_id": 3
		    },
        	"pole": {
		    "id": 33,
		    "x": 364670.7958,
		    "y": 139294.0462,
		    "z": 2.9749999046325684,
		    "junction": "ppt15",
		    "junction_id": 4
		    }
}
