{
    "convention": 0,
    "position": [
        103.789537,
        1.274789
    ],
    "heading": 0
}
